zmk63743@omeie.com;T
kra37192@zbock.com;T
ihv71982@zbock.com;T
mbz63740@nezid.com;T
fcp07940@zslsz.com;T
guvlazqrqckjkbujbz@cazlq.com;T
ziwoqebi@chronicle.digital;T
berinude@lettrs.email;T
cyleciro@physicalcloud.co;T
laxage@physicalcloud.co;T
wohazyzy@chronicle.digital;T
ewibeqt191@ipahive.org;T
fojniarwo9@page.edu.pl;T
tofzis@javdeno.site;T
volraj48nn@y2st.com;T
tegjij0qmc@mvpve.com;T
tnivefy033@Free-Palestine.com;T
eqfjrekue@emlpro.com;T
kdskzicxf@emltmp.com;T
afgnftgruwhnlf@dropmail.me;T
gqaetekue@emlpro.com;T
jmqqbs68@10mail.tk;T
sgoeht9@tmpnator.live;T
lxsed4j@tmpnator.live;T
9yh2fjt8if@outlook.edu.pl;T
hbfmtyka02@outlook.edu.pl;T
jelmevegnu@gufum.com;T
lilmilerto@gufum.com;T
dopsubulmo@gufum.com;T
dedrocipsi@lklmnb.com;T
bilgi@erbakan.edu.tr;G
destek@mehmetakif.edu.tr;G
chp@chp.org.tr;G
sosyalmedya@memleketpartisi.org.tr;G
destek@afyon.bel.tr;G
cozummerkezi@ibb.gov.tr;G
ankarabuyuksehirbelediyesi@hs01.kep.tr;G
yr@yenidenrefahpartisi.org.tr;G
musteri@lcwaikiki.com;G
privacy@ookla.com;G
bilgi@technopat.net;G
forum@donanimarsivi.com;G
Gs@galatasaray.org;G
legal@support.youtube.com;G
siparis@togg.com.tr;G
ik@baykartech.com;G
hosting@turk.net;G
help@steampowered.com;G
help@support.epicgames.com;G
kurumsaliletisim@aygaz.com.tr;G
amd@ambalaj.org.tr;G
ik@aselsan.com.tr;G
teknoloji@tai.com.tr;G
ty.tuik@gov.tr;G
iletisim@tff.org;G
info@rampage.com.tr;G
ankara@aa.com.tr;G
info@troyestore.com;G
gala@transfermarkt.de;G
mhp@mhp.org.tr;G
﻿waxedi5359@gyxmz.com;T
avv92252@zslsz.com;T
sohhuaqi2q@page.edu.pl;T
chad.abhijot@milkcreeks.com;T
oc9rtvo@tmpnator.live;T
waxedi5359@gyxmz.com;T
nzni6ja@tmpnator.live;T
ygu8xdg@tmpnator.live;T
nopbie@javdeno.site;T
negdhofdesjsrpxppj@cwmxc.com;T
froddp@localjobsnearme.com;T
xlr00192@zbock.com;T
lotigi3970@hupoi.com;T
lanard.yacine@milkcreeks.com;T
ghd88284@nezid.com;T
negdhofdesjsrpxppj@cwmxc.com;T
sohhuaqi2q@page.edu.pl;T
hiwojeb178@astegol.com;T
khara.micheala@milkcreeks.com;T
gznoeze181@contb.com;T
jiber47343@gearstag.com;T
uoz90497@omeie.com;T
hcf39092@zbock.com;T
bazdicfxsa@page.edu.pl;T
hbt59725@zbock.com;T
ytgubro164@ipahive.org;T
covmel@emailbox.click;T
joqk1828@10min.email;T
nopbie@javdeno.site;T
cifjeb@haixd.com;T
gsbbilgilendirme@turktelekom.com.tr;G
bilgi@papara.com;G
hello@m.mobalytics.gg;G
support@takehiq.com;G
prime@amazon.com.tr;G
ümit.uguz@usr.aku.edu.tr;G
news@updates.ubisoft.com;G
info@sahibinden.com;G
security@mail.instagram.com;G
asus_survey@asus.com;G
duyuru@email.migros.com.tr;G
verify@x.com;G
ziraatbank@ileti.ziraatbank.com.tr;G
verify@twitter.com;G
bilgi@guvenlik.turkiye.gov.tr;G
bilgi@kampanya.a101.com.tr;G
turkcellpasaj@turkcell.com.tr;G
merhaba@newsletter.hepsiburada.com;G
support+tr@jobseeker.com;G
yokduyurusu@ileti.yok.gov.tr;G
uib@aku.edu.tr;G
email@mail.onedrive.com;G
ogrenis@aku.edu.tr;G
ZeynepBusra.CEVIZCI@gsb.gov.tr;G
support@figma.com;G
sam@writesonic.com;G
hello@duolingo.com;G
news@email.dolap.com;G
mehmet.halipinar@usr.aku.edu.tr;G
niantic@email.nianticlabs.com;G
﻿cpo51837@nezid.com;T
zeozickxyc@page.edu.pl;T
qsenxsh678@ipahive.org;T
decaf87819@gears.com;T
jermane.kishawn@milkcreeks.com;T
mifoved445@gearstag.com;T
difhas@laltina.store;T
mduohekwdv@iubridge.com;T
bbveixzxf@emltmp.com;T
loomeg@emailbox.click;T
zezlum@emailbox.click;T
selces@emailbox.click;T
dewfirgbto@y2st.com;T
ddr124202312053323@ptw2.com;T
duwpir@bougc.com;T
lfomtpkflpesvzrunx@cazlg.com;T
hii79838@zbock.com;T
mifoved445@gearstag.com;T
fowetec613@hupoi.com;T
blake.nyana@milkcreeks.com;T
feloro@chronicle.digital;T
buhlitcfhz@page.edu.pl;T
bunbag8c0v@page.edu.pl;T
fmzsqvgkjnozbugqsg@cazlp.com;T
idw85252@nezid.com;T
mifoved445@gearstag.com;T
lomasa9636@gyxmz.com;T
qsenxsh678@ipahive.org;T
xerawazy@lettrs.email;T
yartehemlo@gufum.com;T
esk.osmangaziunirek@hs01.kep.tr;G
imid@ogu.edu.tr;G
kurumsal@ogu.edu.tr;G
aofdekanlik@anadolu.edu.tr;G
gensek@anadolu.edu.tr;G
bilgi@tepebasi.bel.tr;G
info@eskisehir.bel.tr;G
gensek@eskisehir.edu.tr;G
eskisehirteknikuniversitesi@hs01.kep.tr;G
eskisehirsuvekanalizasyon@hs01.kep.tr;G
bilgiedinme@eskisehir-eski.gov.tr;G
kurumsaliletisim@osmangaziedas.com.tr;G
info@oedas.com.tr;G
ogrisl@dpu.edu.tr;G
gemlik@uludag.edu.tr;G
gemogis@uludag.edu.tr;G
uludag.rektorluk@hs03.kep.tr;G
ozelkalem@uludag.edu.tr;G
sidika.gunduzoz@usr.aku.edu.tr;G
rektorluk@ikcu.edu.tr;G
iletisim@idu.edu.tr;G
webadmin@ege.edu.tr;G
egeuniversitesi@egeuniversitesi.hs03.kep.tr;G
eskisehir@tarimorman.gov.tr;G
info@sanayi.gov.tr;G
valilik@kahramanmaras.gov.tr;G
valilik@eskisehir.gov.tr;G
sdkagunduzoz01@gmail.com;G
unalsila077@gmail.com;G
yuksel.01905@gmail.com;G
﻿exgommwpkyajgwowhq@cazlv.com;T
nwmkqvyaqpfamtbyqj@cwmxc.com;T
tcwxtnjqmvmqbjjznz@cazlg.com;T
nik47068@omeie.com;T
iix03108@zslsz.com;T
zij00469@omeie.com;T
atz61815@nezid.com;T
bod36772@nezid.com;T
poua7bh9qk@gumglue.app;T
poua7bh9qk@gumglue.app;T
cur5960eiw@elohellplayer.com;T
ptf4lutfldedn4x9@10dk.email;T
merkidudri@gufum.com;T
merkidudri@gufum.com;T
samaj.missael@meshfor.com;T
cur5960eiw@elohellplayer.com;T
ypvclnudep@elifart.net;T
cxfphrgmgc@upperbox.org;T
23wb6@10dk.email;T
ox70ip54hdstpeiz@10dk.email;T
or47s4c08px3@10dk.email;T
iuwsqwn558@ipahive.org;T
iuwsqwn558@ipahive.org;T
merkidudri@gufum.com;T
pufyilamle@gufum.com;T
sumlibusto@gufum.com;T
neknodiy@yevme.com;T
godfred.cedric@meshfor.com;T
jeffrey.shraga@meshfor.com;T
niang.elina@meshfor.com;T
vcobankara@pau.edu.tr;G
gyaylali@pau.edu.tr;G
basin@sandikli.bel.tr;G
bilgi@erbakan.edu.tr;G
 eadaletmyo@erbakan.edu.tr;G
noreply-tr@service.decathlon.com;G
kargomsende@bilgi.kargomsende.com;G
no-reply@news.supercell.com;G
bilgi@email.n11.com;G
help@cambly.com;G
ae-trigger.a2@mail.aliexpress.com;G
msa@communication.microsoft.com;G
turkcellpasaj@turkcellpasaj.turkcell.com.tr;G
noreply@vatanbilgisayar.com;G
ogrenis@aku.edu.tr;G
destek@btcturk.com;G
info@join.netflix.com;G
mail@bulten.defacto.com.tr;G
merhaba@email.hepsiburada.com;G
setk@mena.samsung.com;G
info@e.binbin.tech;G
reply@microfon.com;G
noreply@steampowered.com;G
1milyonistihdam.no-reply@hmb.gov.tr;G
no-reply@redu.com.tr;G
notifications-noreply@linkedin.com;G
newsletter@investingmail.com;G
no-reply@canva.com;G
news@email.trendyol.com;G
bilgilendirme@ogrencikariyeri.com;G
﻿yolov65672@mcenb.com;T
98d81bec79@emailforyou.info;T
taltukapso@gufum.com;T
1da75a5fd5@emailforyou.info;T
tadebah758@newcupon.com;T
idifgvuhc7@tmail.edu.pl;T
ywxhncmenw@segamail.com;T
cz5brwhkp@kenhbanme.com;T
azrjusm@nhmvn.com;T
m4b15ke@fastddns.org;T
tmdpmh@leechchannel.com;T
jyofwwfkmz@upperbox.org;T
m9w6rtg@muadaingan.com;T
czmuzrahy@nickmxh.com;T
az2auedh@fastddns.org;T
w5ibem2gmq@elohellplayer.com;T
mt16brn@giodaingan.com;T
lbqzgnmo6y@gumglue.app;T
iocghfw@pingddns.com;T
ak9psh@tatadidi.com;T
vn5aadbwgg@elohellplayer.com;T
agtf6ogrcb@elifart.net;T
kyi4b5yind@gumglue.app;T
1utaew5kug@elifart.net;T
t940geelzi@upperbox.org;T
5xhmtf42u7@greencafe24.com;T
hg9wqyswyp@segamail.com;T
cz5brwhkp@kenhbanme.com;T
laknget574@matratzevergleich.de;T
rarkitokno@gufum.com;T
no-reply@spotify.com;G
isinolsun@e.isinolsun.com;G
yapikredi@iletisim.yapikredi.com.tr;G
ziraat@ileti.ziraatbank.com.tr;G
noreply@umail.accounts.riotgames.com;G
aday@e.kariyer.net;G
no-reply@mail.yemeksepeti.com;G
account@tmail.nvidia.com;G
noreply@mail.gain.tv;G
newsletter@iobit.com;G
help@accts.epicgames.com;G
bilgi@etietieti.com;G
kadinlarbilir@email.everydayme.com.tr;G
pageupdates@facebookmail.com;G
donotreply@newsletter.rockstargames.com;G
support@codepen.io;G
turkcellpasaj@turkcellpasaj.turkcell.com.tr;G
contact@mail.replit.com;G
netacademail@external.cisco.com;G
hayatayna345@gmail.com;G
haylife875@gmail.com;G
info@trendyolmail.com;G
VALORANT@em.riotgames.com;G
ogrenis@aku.edu.tr;G
noreply-maps-timeline@google.com;G
dmarket@hs02.kep.tr;G
destek@cimri.com;G
info@ciceksepeti.com ;G
support@instagram.com;G
netyardim@vodafone.com;G
﻿qdp01210@omeie.com;T
ote20017@omeie.com;T
kww69533@zbock.com;T
tdq15984@zslsz.com;T
dos43018@zslsz.com;T
lozvqvclhbpdinnbyf@cwmxc.com;T
fq2czrfci0@gumglue.app;T
aedozjhvq@yomail.info;T
afgnfqtzcusduo@dropmail.me;T
gjkcxqhte@emlhub.com;T
qmvooui593@loveblog.help;T
siawnyq816@.pics;T
mkfpzbu559@iemail.fun;T
ri9fg16vtu@gumglue.app;T
0k8fidg5ab@elohellplayer.com;T
x8ld3rd0c2@elifart.net;T
shyam313@threadedwsw.com;T
jahlisaf34@threadedwsw.com;T
brandie424@threadedwsw.com;T
8mpkyb1dlc@happy2023year.com;T
atb02w0a5m@rfcdrive.com;T
yukyudmebz@skygazerhub.com;T
yamfsllyhu@segamail.com;T
wqiuhf8jpn@tmail.edu.pl;T
thkrj52dco@segamail.com;T
thkrj52dco@segamail.com;T
iootp@giodaingan.com;T
akbif@nhmvn.com;T
wutuluvdd@laste.ml;T
povih30451@lanxi8.com;T
alituna1@1.com;G
z2@mail.com;G
alituna@live.com;G
sevilayarsln0@gmail.com;G
support@krisp.ai;G
no-reply@live.instagram.com;G
noreply@lcwaikiki.com;G
noreply@notifications.freelancer.com;G
mavi@shop.mavi.com;G
no_reply@.apple.com;G
posta@armut.com;G
no-reply@live.coursera.org;G
mionduyuru@email.migros.com.tr;G
edy@pt.com.tr;G
news@email.dolap.com;G
noreply@btk.gov.tr;G
notifications-noreply@linkedin.com;G
destek@limoya.com;G
tod@posta.digiturk.com.tr;G
notification@facebook.com;G
bilgi@mail.n11.com;G
noreply@m.yetenekkapisi.org;G
team@remove.bg;G
bilgi@gsstore.org;G
bilgi@eposta.flo.com.tr;G
sales@obilet.com;G
upgrade@navicat.com;G
merhaba@destek.tosla.com.tr;G
message@adobe.com;G
info@kockariyerim.com;G
ayhan.barut@tbmm.gov.tr;G
burhanettin.bulut@tbmm.gov.tr;G
muzeyyen.sevkin@tbmm.gov.tr ;G
bilgiislem@cigli.bel.tr;G
destekhizmetleri@cigli.bel.tr ;G
hukukisleri@cigli.bel.tr;G
korhan@aku.edu.tr;G
iletisim@bayrakli.bel.tr ;G
aylin.nazliaka@chp.org.tr ;G
gokce.gokcen@chp.org.tr ;G
gulsahdenizatalar@gmail.com;G
bilgi@iyiparti.org.tr;G
cemmkochan@gmail.com;G
cemm.kochan@outlook.com;G
msavas@afyon.bel.tr;G
suleymankaya@afyon.bel.tr;G
edakalayci@afyon.bel.tr;G
melih.atasorkun@usak.bel.tr;G
mehmet.ali.demir@usak.bel.tr;G
iosmanoglu@aku.edu.tr;G
m.ali.koseoglu@usak.bel.tr;G
cem-ali.kochan@aku.edu.tr;G
muharem.ince@memleketpartisi.org.tr;G
demirbag.sahin@memleketpartisi.org.tr;G
kayhan.yuregir@memleketpartisi.org.tr;G
adana@zaferpartisi.org.tr;G
adiyaman@zaferpartisi.org.tr;G
ankara@zaferpartisi.org.tr;G
tip@tip.org.tr;G
bilgi@hdp.org.tr;G
mjs10527@zbock.com;T
ilw09015@omeie.com;T
vho05601@zslsz.com;T
vgklreiirjyczzoyhb@cazlv.com;T
zachary.yad@milkcreeks.com;T
hivatoy381@gyxmz.com;T
jipafo3947@mcenb.com;T
nenhoziw9m@page.edu.pl;T
molyqutu@lettrs.email;T
busyqujy@physicalcloud.com;T
qerobaha@chronicle.digital;T
suphiz@javdeno.site;T
ntdlqqu973@ipahive.org;T
lartohortu@gufum.com;T
nekkiverke@gufum.com;T
sekkigamla@gufum.com;T
fafeace02@csda.com;T
oxn83216@nezid.com;T
gdllnubue@emlhub.com;T
gdllnubue-1icn@pwn.emlhub.com;T
jdowxexdawnozak@liteprompter.com;T
jiogus@emailbox.click;T
zemligil@yevme.com;T
kujnaa@emailbox.fun;T
rghvdds619@Free-Palestine.com;T
hubmeo@nvpns.com;T
mavsih@haixd.com;T
b9sfyam1zh@zipcatfish.com;T
0mb9kjb7ah@bloheyz.com;T
obs79igi6w@waterisgone.com;T
9zjr3ryylg@sfolkar.com;T
85anuf26z1@zipcatfish.com;T
﻿teresa0@wisprite.shop;T
helmozusto@gufum.com;T
k9pqexnbza@gumglue.app;T
p7mlbfqltp@happy2023year.com;T
rcc26053@zbock.com;T
ec8hc8jp@spymail.one;T
palmosemla@gufum.com;T
yartehemlo@gufum.com;T
wlp1txgf7a@elohellplayer.com;T
5zdgrhcuy8@elohellplayer.com;T
rbd3qgr8zy@segamail.com;T
ht75a9lauj@tmail.edu.pl;T
vgnjtfbaeg@tmail.edu.pl;T
tcsvzxegmy@tmail.edu.pl;T
czb7aq@sonphuongthinh.com;T
m4efjt@nickmxh.com;T
akjsgike@nextsuns.com;T
gjdjfhgdss@ves.ink;T
fhsejfxfbj@wishy.fr;T
jelemuqes@labworld.org;T
balelarul.leduvemo@vintomaper.com;T
sujurif.gajureb@vintomaper.com;T
moc.niamodruoy@gnihtyna;T
moc.draw4e.uoy@gnihtyna;T
gapzua@thimble.email;T
vuvnio@blocki.tech;T
bbveixzxf@emltmp.com;T
rirmgpl443@vmani.com;T
ygwjyss091@vmani.vom;T
zezlum@emailbox.click;T
sdkagunduzoz01@gmail.com;G
aysila212@gmail.com;G
seyhansenem@gmail.com;G
senem.seyhan@usr.aku.edu.tr;G
sidika.gunduzoz@usr.aku.edu.tr;G
sandikli@aku.edu.tr;G
manisa@tarımorman.gov.tr;G
unalsila077@gmail.com;G
ogrenis@aku.edu.tr;G
manisabsb@hs01.kep.tr;G
esi@hs01.kep.tr;G
info@aforiathermal.com;G
rezervasyon@maythermal.com;G
info@aforiathermal.com;G
ibf.iletisim@anadolu.edu.tr;G
trabzon@trabzon.gov.tr;G
izmircbs@adalet.gov.tr;G
yozen@eosb.org.tr;G
yyigit@eosb.org.tr;G
info@yegem.com.tr;G
ismail.aktas@emegem.com.tr;G
sahibinden@hs02.kep.tr;G
info@dopinghafiza.com;G
bursiyer@turkiyeteknolojitakimi.org;G
noreply@notify.thinkific.com;G
no-reply@mail-id.cisco.com;G
team@codecombat.com;G
snajder@css-vranov.sk;G
mhopaci@gmail.com;G
kongkea.daniela@gmail.com;G
﻿ealebhdkzzfoziugmm@ckptr.com;T
wwizzaolemxxtwbgei@cazlq.com;T
cwctejzlxepyqjfmnp@cazlg.com;T
hjvxwwkdaugqsssazw@ckptr.com;T
waf16389@zbock.com;T
pxu97733@nezid.com;T
chx57478@nezid.com;T
chu03361@zslsz.com;T
mvv23307@zslsz.com;T
zjx32602@omeie.com;T
mdy86082@zbock.com;T
dbm43810@zbock.com;T
awt74936@omeie.com;T
cliff.jeffrey@meshfor.com;T
viwcac@laltina.store;T
cuktuz@laltina.store;T
ikv47385@zslsz.com;T
hekyti@lettrs.email;T
hisovy@chronicle.digital;T
qusotozy@lettrs.email;T
denoqaqi@chronicle.digital;T
figegyce@physicalcloud.co;T
jypito@physicalcloud.co;T
vygityvu@chronicle.digital;T
wawogipa@lettrs.email;T
gynyzazu@chronicle.digital;T
cyzyci@physicalcloud.co;T
qiharyle@chronicle.digital;T
nnmkabqqgt@iubridge.com;T
cliff.jeffrey@meshfor.com;T
gince@aku.edu.tr;G
yozkul@aku.edu.tr;G
 tbmyo@iuc.edu.tr ;G
yozoglu@istanbul.edu.tr;G
aysel.vardar@iuc.edu.tr;G
syilmaz75@iuc.edu.tr;G
acardidem@uludag.edu.tr;G
hayriyegulec@uludag.edu.tr    ;G
burcukorkmaz@kırklareli.edu.tr;G
altan.varol@bau.edu.tr;G
murat.kurt@bau.edu.tr;G
aomerustaoglu@biruni.edu.tr;G
aslihany@biruni.edu.tr;G
bbirkan@biruni.edu.tr;G
unur@erciyes.edu.tr;G
mehtaph@erciyes.edu.tr;G
hsusar@erciyes.edu.tr;G
mustafatunca@sdu.edu.tr;G
meltemkaraatli@sdu.edu.tr;G
hikaya75@gmail.com;G
ataman.karacop@gmail.com;G
istanbul@icisleri.gov.tr;G
 iletisimdekanlik@marmara.edu.tr;G
ecil@selcuk.edu.tr;G
kadirgolcu@selcuk.edu.tr;G
selcukuniversitesi@hs01.kep.tr;G
chp@chp.org.tr;G
ensar.aytekin@tbmm.gov.tr;G
eczaciserkansari@gmail.com;G
ugur.bayraktutan@chp.org.tr;G
"cdu77222@zslsz.com	T";T
"ppq94060@nezid.com	T";T
"ifsqkagzx5@mail.gen.tr	T";T
luisantonio35@threadedwsw.com;T
sve18452@zbock.com;T
cux65694@omeie.com;T
tafpoi@laltina.store;T
tifecat648@jalunaki.com;T
jidrevepsu@gufum.com;T
tf6g2k+69ijfrf02b6ro@sharklasers.com;T
cabeqyly@physicalcloud.co;T
udlmefc006@ipahive.org;T
quhisixu@lettrs.email;T
wogokiqo@chronicle.digital;T
ljiornmqgc@elifart.net;T
sqdvpanqgjdkyoggoi@cazlg.com;T
ky1ej2xcns@upperbox.org;T
nevaeha.saydie@meshfor.com;T
ebqo10j9rv@elohellplayer.com;T
pewcunzcpt@page.edu.pl;T
vsskp5ezj4@gumglue.app;T
nezrsjkvxjuixhfcvy@cazlv.com;T
kustamuk@yevme.com;T
piscin@javdeno.site;T
laclud@funkoo.xyz;T
cet476202310044733@ptw2.com;T
uuyopt@hoanghainam.com;T
gurveer.shriram@milkcreeks.com;T
nulruz@haixd.com;T
mmvmtnlfd@zeroe.ml;T
info@adalet.gov.tr;G
info@munzursu.com;G
destek@btkakademi.gov.tr;G
dogusplanet@hs01.kep.tr;G
destek@trendyol.com;G
aeturkey@aliexpress.com;G
service.tr@support.mi.com;G
iskigenelmudurlugu@hs01.kep.tr;G
bedas@bedas.com.tr;G
hu@hs01.kep.tr;G
yazilimdestek@saglik.gov.tr;G
info@hakkarimerkez1noluasm.com;G
afyon@saglik.gov.tr;G
siirt@saglik.gov.tr;G
info@siirt.bel.tr;G
hakkaribelediyesi@hs02.kep.tr;G
sivasbelediyesi@hs02.kep.tr;G
ozlemcercioglu@aydin.bel.tr;G
vangoluelektrikperakendesatis@hs03.kep.tr;G
b2b.satis@koctas.com.tr;G
ahmet.dursun@istikbal.com.tr;G
yakup.rahimi@istikbal.com.tr;G
murat.ozturk@istikbal.com.tr;G
info@armine.com.tr;G
akbank@akbank.hs03.kep.tr;G
info@ziraatbank.az;G
info@akmercan.com.tr;G
dergi@galatasaray.org;G
fbuniversite@fenerbahce.org;G
genclikvesporbakanligi@hs02.kep.tr;G
﻿jnyxsklianekzhwqwe@cazlg.com;T
ekd40219@omeie.com;T
kodeci6772@getmola.com;T
sawawil618@gyxmz.com;T
pryce.aashay@milkcreeks.com;T
sawawil618@gyxmz.com;T
cutogisi@physicalcloud.co;T
ozndfck869@ipahive.org;T
boslikrshh@page.edu.pl;T
tukvui@laltina.store;T
ppyuxksuzx@iubridge.com;T
uuzxzusnngabigl@logodesignex.com;T
b0f1zenyvah2@10mail.xyz;T
ddp122202312052910@ptw2.com;T
laulowymg0@codvip.net;T
xcwbeipf@tmpnator.live;T
torterol@yevme.com;T
cuwmec@emailbox.fun;T
fofgmov765@hprintertechs.com;T
buru4pf88e@myinfoinc.com;T
qfgehjoyofzmfhzydb@cazlg.com;T
sgt77465@zbock.com;T
babruhhyqp@page.edu.pl;T
cexafu@physicalcloud.co;T
vufycy@chronicle.digital;T
norrogxrhs@sdkjob.com;T
sgt77465@zbock.com;T
afgufkeeodbuwz@dropmail.me;T
uuzxzusnngabigl@logodesignex.com;T
nicej59791@gearstag.com;T
info@belek.edu.tr;G
ogrenci@akdeniz.edu.tr;G
info@antalya.edu.tr;G
gulsunarmann@gmail.com;G
sdkgunduzoz01@gmail.com;G
unalsila077@gmail.com;G
antalya@icisleri.gov.tr;G
155@antalya.pol.tr;G
antalyaeah@saglik.gov.tr ;G
bilgi@7mhastanesi.com.tr;G
genclikvesporbakanligi@hs01.kep.tr;G
sivasgm@gsb.gov.tr;G
kutahya@gsb.gov.tr;G
eskisehir@saglik.gov.tr;G
manisailsaglikmudurlugu@hs01.kep.tr;G
destek@trendyol.com;G
van@icisleri.gov.tr;G
kihbi@icisleri.gov.tr;G
07.gidayem@tarimorman.gov.tr;G
07.bus@tarimorman.gov.tr;G
info@antalya.bel.tr;G
07.kko@tarimorman.gov.tr;G
sandikli@aku.edu.tr;G
sidika.gunduzoz@usr.aku.edu.tr;G
senem.seyhan.@usr.aku.edu.tr;G
turanprince@turanprince.com.tr;G
dmarket@hs02.kep.tr;G
finans@kozaoptik.com;G
destek@defacto.com.tr;G
gucciistinye@dogusperakende.com.tr;G
musteri@lcwaikiki.com;G
wkwhr641@ipahive.org;T
plipmwecookvovwy@cwmxc.com;T
mk2120@zslsz.com;T
er6317@nezid.com;T
mz24407@zbock.com;T
ovpiw268@hupoi.com;T
anse8110@gearstag.com;T
aarion.silviano@milkcreeks.com;T
ohan.maximilian@milkcreeks.com;T
yaagisell@milkcreeks.com;T
phseb758@ipahive.org;T
yjvubi@physicalcloud.co;T
oqussi@chronicle.digital;T
olumba@lettrs.email;T
orikf7xf@page.edu.pl;T
ufbn@funkoo.xyz;T
acip@laltina.store;T
ehai@javdeno.site;T
nrkeista@gufum.com;T
ortaakko@myself.com;T
almiurtu@gufum.com;T
0c7465775017@myself.info;T
6c8b6577502c@crankymonkey.info;T
f64065775036@crankymonkey.info;T
xluqg@telegmail.com;T
xwqha@telegmail.com;T
nib@telegmail.com;T
gloo2dmv6@mail.gen.tr;T
6eqhs2ek9@myself.en.tr;T
en4ivrwfc@mail.gen.tr;T
ozcansahin@gmail.com;G
ozcansahin836@gmail.com;G
ozcansahin056@gmail.com;G
sahin33@mail.com;G
muhammet.ozden@dpu.edu.tr;G
no-reply@yengec.co;G
sonosmanli1453@email.com;G
info@send.grammarly.com;G
noreply@email.openhai.com;G
oksijenduds@hotmail.com;G
malatyalireis44@linkledin.com;G
sales@obilet.com;G
destek@papara.com;G
demlikcaylarburada@hotmail.com;G
wloard4@outlock.com;G
murgulldner@email.com;G
ankahvem1@yahoo.com;G
goodwin.justice@yahoo.com;G
noreply@steampowered.com;G
qstroman@hotmail.com;G
micaela.osinski@yahoo.com;G
antalyasaglikmudurlugu@hs01.kep.tr;G
kailey75@linkledin.com;G
info@akdenizhospital.tr;G
supplementerr@esupplementler.co;G
iosmanoglu@aku.edu.tr;G
info@akdenizhospital.com;G
alexa76@ail.com;G
wtromp@outlock.com;G
your@insights.veed.io;G
contact@euromsg.net;G
ozkal.sayan@memleketpartisi.org.tr;G
muharrem.ince@memleketpartisi.org.tr;G
burak.hasar@memleketpartisi.org.tr;G
hterzi@aku.edu.tr;G
iosmanoglu@aku.edu.tr;G
noasikoglu@gmail.com;G
drsameterden@gmail.com;G
bkupeli@gazi.edu.tr;G
aksakal@gazi.edu.tr;G
adalgic@gazi.edu.tr;G
vyazisiz@akdeniz.edu.tr;G
hkocak@akdeniz.edu.tr;G
bursasehir@saglik.gov.tr;G
ydone@ankara.edu.tr;G
otanju@ankara.edu.tr;G
geroglu@ankara.edu.tr;G
kizilh@itu.edu.tr;G
ozesra@itu.edu.tr;G
kokf@itu.edu.tr;G
ersoy@boun.edu.tr;G
gungort@boun.edu.tr;G
gurgen@boun.edu.tr;G
abdulgani@atauni.edu.tr;G
aeroglu@atauni.edu.tr;G
drfalper@atauni.edu.tr;G
mokaya@firat.edu.tr;G
n.korkmaz@firat.edu.tr;G
oaras@firat.edu.tr;G
ayperis@cu.edu.tr;G
apinar@cu.edu.tr;G
cplipqmwecookvovwy@cwmxc.com;T
fmk29120@zslsz.com;T
uer67317@nezid.com;T
vmz24407@zbock.com;T
govopiw268@hupoi.com;T
manese8110@gearstag.com;T
damarion.silviano@milkcreeks.com;T
nohlan.maximilian@milkcreeks.com;T
myaa.gisell@milkcreeks.com;T
fphsxeb758@ipahive.org;T
myjevubi@physicalcloud.co;T
xoqusisi@chronicle.digital;T
wolumeba@lettrs.email;T
hourikf7xf@page.edu.pl;T
zufbun@funkoo.xyz;T
tacnip@laltina.store;T
debhai@javdeno.site;T
narkebista@gufum.com;T
rortamakko@gufum.com;T
zalmizurtu@gufum.com;T
a0c75465775017@crankymonkey.info;T
f6c82b6577502c@crankymonkey.info;T
8f6d4065775036@crankymonkey.info;T
qxluqmg@telegmail.com;T
nxcwqha@telegmail.com;T
pneib@telegmail.com;T
kgloo2dmv6@mail.gen.tr;T
s6eqhc2ek9@mail.gen.tr;T
den4ivrwnc@mail.gen.tr;T
tf9ypn+47h96tn8lm1kk@sharklasers.com;T
pfuvakiradgsobycqp@cazlq.com;T
jxg00112@nezid.com;T
znmwypurndqodivvhx@cazlp.com;T
ritibo5626@mcenb.com;T
yomico6184@mcenb.com;T
vbvczsnlpbidpvocqv@ckptr.com;T
jadimavo@chronicle.digital;T
lkbcvfn463@ipahive.org;T
kapzae@laltina.store;T
wopjow@javdeno.site;T
vibsovh4y7@page.edu.pl;T
sjc79493@nezid.com;T
rotjan@haixd.com;T
shain.epic@meshfor.com;T
zotwan@funkoo.xyz;T
zuhytymi@physicalcloud.co;T
pvibcpt016@ipahive.org;T
mvaoxnf164@contb.com;T
sordorukne@gufum.com;T
cnutfxboqqz@wireconnected.com;T
cuzcfqb@inlith.com;T
suknefarza@gufum.com;T
omaj93ps@10min.email;T
bmkodle467@Free-Palestine.com;T
parkojakka@gufum.com;T
xzs86473@omeie.com;T
faubeb@laltina.store;T
xzs86473@omeie.com;T
joshuan.lawrance@meshfor.com;T
gebakay275@lanxi8.com;T
bilgi@ibu.edu.tr;G
ozelkalem@agu.edu.tr;G
info@acibadem.edu.tr;G
rektorluk@adanabtu.edu.tr;G
gensek@agri.edu.tr;G
aysila212@gmail.com;G
atesaysila@gmail.com;G
aysila.ates@usr.aku.edu.tr;G
atesmakina@hotmail.com;G
destek@trendyol.com;G
marketdestek@yemeksepeti.com;G
dmarket@hs02.kep.tr;G
destek@dolap.com;G
noreply@steampowered.com;G
gss@sgk.gov.tr;G
cumhurbaskanligi@tccb.gov.tr;G
aksesuarsatis@kvkteknikservis.com;G
musteridestek@kvkteknikservis.com;G
sabittelefoniptal@turktelekom.com.tr;G
hosting@turk.net;G
support@instagram.com;G
baskan@beyoglu.bel.tr;G
cozummerkezi@umraniye.bel.tr;G
bilgi@tepebasi.bel.tr;G
beyazmasa@bursa.bel.tr;G
dmca@telegram.org;G
garantibankasi@hs02.kep.tr;G
bakanyrd.bturan@icisleri.gov.tr;G
illeridaresi@icisleri.gov.tr;G
personel@tika.gov.tr;G
﻿rwdszwpneffsqfzqzo@cazlq.com;T
keg78539@omeie.com;T
yis78687@zslsz.com;T
fgx10121@omeie.com;T
vhk37646@nezid.com;T
wsh71502@omeie.com;T
dvt07484@zbock.com;T
svb28088@nezid.com;T
edp37903@zbock.com;T
ple24221@zslsz.com;T
hfe94155@nezid.com;T
vyr48089@zbock.com;T
lalowo1369@apdiv.com;T
sapis70254@arensus.com;T
aushik.jaydin@milkcreeks.com;T
siw85205@zslsz.com;T
xydakizi@physicalcloud.co;T
maxuqa@physicalcloud.co;T
bylilyzo@physicalcloud.co;T
jecipe@lettrs.email;T
rakiteku@chronicle.digital;T
jofyhuxi@chronicle.digital;T
pylozole@chronicle.digital;T
zefuke@lettrs.email;T
lilepopa@lettrs.email;T
fvztnua603@ipahive.org;T
zeezivnzl0@page.edu.pl;T
dapewil679@arensus.com;T
lukhae@javdeno.site;T
sackeg@funkoo.xyz;T
semih123@gmail.om;G
ordus5d4@gmail.com;G
aydın09@yahoo.com;G
efeler32@outlook.com;G
12emin312@hotmail.com;G
kzlaslann@icloud.com;G
odd09@yandex.com;G
galayxboy@mail.com;G
hsdgfh@inbox.com;G
yahya34@hotmail.com;G
ziya_ayiz@outlook.com;G
yagiz_57@yandex.com;G
keless26@mail.com;G
23oddy23@icloud.com;G
ahmethoca@live.com;G
hocalar_diyarı245@live.com;G
denizli_merkez_haber@yahoo.com;G
sokehaber_09@mail.ru;G
umut3@edu.tr;G
kaya.32@edu.tr;G
kaya.holding@inbox.com;G
orman_veysel@aol.com;G
kaan_allı@aol.com;G
hayvandernegi@aol.com;G
kedi_kopek@mail.ru;G
havhav@mail.ru;G
sokedernek@inbox.com;G
uraz@aku.edu.tr;G
bturunc@aku.edu.tr;G
personel@aku.edu.tr;G
